,doi,chunk,abstract_bool,definition_bool,table_bool,measurement_bool,definition
0,10.1002/lno.12682,-1,False,,,,
1,10.1002/lno.11852,-1,False,,,,
2,10.1002/lno.11846,-1,True,,,,
3,10.1002/lno.11846,0,True,False,False,False,
4,10.1002/lno.12032,-1,False,,,,
5,10.1002/lno.12427,-1,False,,,,
6,10.1002/lno.12366,-1,False,,,,
7,10.1002/lno.12365,-1,True,,,,
8,10.1002/lno.12365,0,True,False,False,False,
9,10.1002/lno.12365,1,True,False,False,False,
10,10.1002/lno.12365,2,True,False,False,False,
11,10.1002/lno.12365,3,True,False,False,False,
12,10.1002/lno.12365,4,True,False,False,False,
13,10.1002/lno.12365,5,True,False,False,False,
14,10.1002/lno.12365,6,True,False,True,False,
15,10.1002/lno.12365,7,True,False,False,False,
16,10.1002/lno.12365,8,True,False,False,False,
17,10.1002/lno.12365,9,True,False,False,False,
18,10.1002/lno.12365,10,True,False,False,False,
19,10.1002/lno.12365,11,True,False,False,False,
20,10.1002/lno.12365,12,True,False,False,False,
21,10.1002/lno.12365,13,True,False,False,False,
22,10.1002/lno.12365,14,True,False,False,False,
23,10.1002/lno.12365,15,True,False,False,False,
24,10.1002/lno.12365,16,True,False,False,False,
25,10.1002/lno.12365,17,True,False,False,False,
26,10.1002/lno.12365,18,True,False,False,False,
27,10.1002/lno.12553,-1,False,,,,
28,10.1002/lno.11738,-1,False,,,,
29,10.1002/lno.11791,-1,False,,,,
30,10.1002/lno.11678,-1,True,,,,
31,10.1002/lno.11678,0,True,False,False,False,
32,10.1002/lno.11678,1,True,False,False,False,
33,10.1002/lno.11678,2,True,False,False,False,
34,10.1002/lno.11678,3,True,False,False,False,
35,10.1002/lno.11678,4,True,False,False,False,
36,10.1002/lno.11678,5,True,False,False,False,
37,10.1002/lno.11678,6,True,False,False,False,
38,10.1002/lno.11678,7,True,False,True,False,
39,10.1002/lno.11678,8,True,False,True,False,
40,10.1002/lno.11678,9,True,False,True,False,
41,10.1002/lno.11678,10,True,False,True,False,
42,10.1002/lno.11678,11,True,False,False,False,
43,10.1002/lno.11678,12,True,False,True,False,
44,10.1002/lno.11678,13,True,False,False,False,
45,10.1002/lno.11678,14,True,False,True,False,
46,10.1002/lno.11678,15,True,False,False,False,
47,10.1002/lno.11678,16,True,False,False,False,
48,10.1002/lno.11678,17,True,False,False,False,
49,10.1002/lno.11678,18,True,False,True,False,
50,10.1002/lno.11678,19,True,False,False,False,
51,10.1002/lno.11678,20,True,False,False,False,
52,10.1002/lno.11678,21,True,False,False,False,
53,10.1002/lno.11678,22,True,False,True,False,
54,10.1002/lno.11678,23,True,False,False,False,
55,10.1002/lno.11678,24,True,False,False,False,
56,10.1002/lno.11678,25,True,False,True,False,
57,10.1002/lno.11678,26,True,False,True,False,
58,10.1002/lno.11678,27,True,False,False,False,
59,10.1002/lno.11678,28,True,False,False,False,
60,10.1002/lno.11678,29,True,False,True,False,
61,10.1002/lno.11678,30,True,False,False,False,
62,10.1002/lno.11678,31,True,False,True,False,
63,10.1002/lno.11678,32,True,False,False,False,
64,10.1002/lno.11678,33,True,False,False,False,
65,10.1002/lno.11678,34,True,False,False,False,
66,10.1002/lno.11678,35,True,False,True,False,
67,10.1002/lno.11678,36,True,False,False,False,
68,10.1002/lno.11678,37,True,False,False,False,
69,10.1002/lno.11678,38,True,False,False,False,
70,10.1002/lno.11678,39,True,False,False,False,
71,10.1002/lno.11678,40,True,False,False,False,
72,10.1002/lno.11678,41,True,False,False,False,
73,10.1002/lno.11678,42,True,False,True,False,
74,10.1002/lno.11678,43,True,False,True,False,
75,10.1002/lno.11678,44,True,False,True,False,
76,10.1002/lno.11678,45,True,False,True,False,
77,10.1002/lno.11678,46,True,False,True,False,
78,10.1002/lno.11678,47,True,False,False,False,
79,10.1002/lno.12282,-1,False,,,,
80,10.1002/lno.12101,-1,False,,,,
81,10.1002/lno.11833,-1,False,,,,
82,10.1002/lno.70040,-1,True,,,,
83,10.1002/lno.70040,0,True,False,False,False,
84,10.1002/lno.70040,1,True,False,False,False,
85,10.1002/lno.70040,2,True,False,False,False,
86,10.1002/lno.70040,3,True,False,False,False,
87,10.1002/lno.11581,-1,False,,,,
88,10.1002/lno.11954,-1,True,,,,
89,10.1002/lno.11954,0,True,False,False,False,
90,10.1002/lno.11954,1,True,False,False,False,
91,10.1002/lno.11954,2,True,False,False,False,
92,10.1002/lno.11954,3,True,False,False,False,
93,10.1002/lno.11954,4,True,False,True,False,
94,10.1002/lno.11954,5,True,False,False,False,
95,10.1002/lno.11954,6,True,False,False,False,
96,10.1002/lno.11954,7,True,False,False,False,
97,10.1002/lno.11954,8,True,False,True,False,
98,10.1002/lno.11954,9,True,False,False,False,
99,10.1002/lno.11954,10,True,False,False,False,
100,10.1002/lno.11954,11,True,False,False,False,
101,10.1002/lno.11954,12,True,False,False,False,
102,10.1002/lno.11954,13,True,False,False,False,
103,10.1002/lno.11954,14,True,False,True,False,
104,10.1002/lno.11954,15,True,False,True,False,
105,10.1002/lno.11954,16,True,False,False,False,
106,10.1002/lno.11954,17,True,False,False,False,
107,10.1002/lno.11954,18,True,False,False,False,
108,10.1002/lno.11954,19,True,False,True,False,
109,10.1002/lno.11954,20,True,False,False,False,
110,10.1002/lno.11954,21,True,False,True,False,
111,10.1002/lno.11954,22,True,False,False,False,
112,10.1002/lno.11954,23,True,False,True,False,
113,10.1002/lno.11954,24,True,False,True,False,
114,10.1002/lno.11954,25,True,False,False,False,
115,10.1002/lno.11954,26,True,False,False,False,
116,10.1002/lno.11954,27,True,False,False,False,
117,10.1002/lno.11954,28,True,False,True,False,
118,10.1002/lno.11954,29,True,False,False,False,
119,10.1002/lno.11954,30,True,False,False,False,
120,10.1002/lno.11954,31,True,False,False,False,
121,10.1002/lno.11954,32,True,False,False,False,
122,10.1002/lno.11954,33,True,False,False,False,
123,10.1002/lno.12322,-1,True,,,,
124,10.1002/lno.12322,0,True,False,False,True,
125,10.1002/lno.12322,1,True,True,False,True,"The coastal ecosystems being studied are **tidal marshes, mangroves, and seagrass meadows**. 

The specific quantitative attributes or descriptive characteristics used to define them are:

*   **Small areal coverage:** They comprise only 1% of the global ocean surface.
*   **High carbon sink effectiveness:** They are the most effective long-term carbon sinks of the biosphere.
*   **Significant carbon budget contribution:** They account for 50% of the total marine soil (sediment) organic carbon budget.
*   **Carbon sequestration drivers:** High rates of plant primary production, vertical soil development with rising sea levels, and slow rates of decomposition in reducing soils."
126,10.1002/lno.12322,2,True,True,False,False,"The coastal ecosystems being studied are:

*   **Tidal marshes:** Defined by having “negligible rates of in situ calcification” and the assumption that “deposited calcium carbonate from allochthonous sources is assumed to rapidly dissolve under acidifying conditions of the marsh rhizosphere”.
*   **Mangroves:** Defined by a focus on inorganic carbon dynamics and reports being ""almost restricted"" to this ecosystem along with seagrasses.
*   **Seagrass beds:** Defined by a focus on inorganic carbon dynamics and reports being ""almost restricted"" to this ecosystem along with mangroves.

The context defines these ecosystems based on their soil organic/inorganic carbon stocks and dynamics, and specifically mentions calcification and dissolution rates of calcium carbonate as key characteristics. It also notes a historical research focus on inorganic carbon dynamics within mangroves and seagrasses."
127,10.1002/lno.12322,3,True,True,False,False,"The coastal ecosystems being studied are **salt marshes** of the **Wadden Sea**. 

They are specifically defined by:

*   Representing **20% of the European tidal-marsh area**.
*   Being **minerogenic ecosystems** with **high rates of mineral sediment deposition**, frequently exceeding **5 mm yr À1** (vertical surface accretion).
*   Existing along a **successional gradient** from **tidal flat** (via **pioneer zone** and **low marsh**) to **high marsh**.
*   Being categorized as either **foreland marshes** or **back-barrier marshes**, differentiated by their hydrodynamic exposure:
    *   **Foreland marshes**: expand seaward, make up the largest share of the Wadden Sea marsh area, and experience **high amounts of sediment input**, particularly during storm events.
    *   **Back-barrier marshes**: are more sheltered, developing in the lee of barriers or dune systems."
128,10.1002/lno.12322,4,True,False,False,False,
129,10.1002/lno.12322,5,True,False,False,False,
130,10.1002/lno.12322,6,True,False,False,False,
131,10.1002/lno.12322,7,True,False,False,True,
132,10.1002/lno.12322,8,True,False,False,True,
133,10.1002/lno.12322,9,True,False,False,True,
134,10.1002/lno.12322,10,True,False,True,False,
135,10.1002/lno.12322,11,True,False,False,True,
136,10.1002/lno.12322,12,True,False,False,False,
137,10.1002/lno.12322,13,True,False,False,False,
138,10.1002/lno.12322,14,True,False,True,True,
139,10.1002/lno.12322,15,True,False,True,False,
140,10.1002/lno.12322,16,True,False,False,False,
141,10.1002/lno.12322,17,True,False,False,False,
142,10.1002/lno.12322,18,True,False,False,False,
143,10.1002/lno.12322,19,True,False,False,False,
144,10.1002/lno.12322,20,True,False,False,False,
145,10.1002/lno.12322,21,True,False,False,False,
146,10.1002/lno.12322,22,True,False,False,False,
147,10.1002/lno.12322,23,True,False,False,True,
148,10.1002/lno.12322,24,True,False,True,False,
149,10.1002/lno.12769,-1,False,,,,
150,10.1002/lno.12658,-1,False,,,,
151,10.1002/lno.12598,-1,True,,,,
152,10.1002/lno.12598,0,True,False,False,False,
153,10.1002/lno.12505,-1,False,,,,
154,10.1002/lno.70071,-1,False,,,,
155,10.1002/lno.12434,-1,False,,,,
156,10.1002/lno.12610,-1,False,,,,
157,10.1002/lno.11761,-1,False,,,,
158,10.1002/lno.12342,-1,True,,,,
159,10.1002/lno.12342,0,True,False,False,False,
160,10.1002/lno.12342,1,True,False,False,False,
161,10.1002/lno.12342,2,True,False,False,True,
162,10.1002/lno.12342,3,True,False,False,False,
163,10.1002/lno.12342,4,True,False,False,False,
164,10.1002/lno.12342,5,True,False,False,False,
165,10.1002/lno.12342,6,True,False,False,False,
166,10.1002/lno.12342,7,True,False,False,False,
167,10.1002/lno.12342,8,True,False,False,False,
168,10.1002/lno.12342,9,True,False,False,False,
169,10.1002/lno.12342,10,True,False,False,False,
170,10.1002/lno.12342,11,True,False,False,False,
171,10.1002/lno.12342,12,True,False,False,False,
172,10.1002/lno.12342,13,True,False,False,False,
173,10.1002/lno.12342,14,True,False,False,False,
174,10.1002/lno.12342,15,True,False,False,False,
175,10.1002/lno.12342,16,True,False,False,False,
176,10.1002/lno.12342,17,True,False,False,False,
177,10.1002/lno.12342,18,True,False,False,False,
178,10.1002/lno.12342,19,True,False,False,False,
179,10.1002/lno.12185,-1,True,,,,
180,10.1002/lno.12185,0,True,False,False,False,
181,10.1002/lno.12185,1,True,False,False,False,
182,10.1002/lno.12185,2,True,False,False,False,
183,10.1002/lno.12185,3,True,False,False,False,
184,10.1002/lno.12185,4,True,False,True,False,
185,10.1002/lno.12185,5,True,False,True,False,
186,10.1002/lno.12185,6,True,False,False,False,
187,10.1002/lno.12185,7,True,False,False,False,
188,10.1002/lno.12185,8,True,False,True,False,
189,10.1002/lno.12185,9,True,False,True,False,
190,10.1002/lno.12185,10,True,False,False,False,
191,10.1002/lno.12185,11,True,False,True,False,
192,10.1002/lno.12185,12,True,False,False,False,
193,10.1002/lno.12185,13,True,False,True,False,
194,10.1002/lno.12185,14,True,False,True,False,
195,10.1002/lno.12185,15,True,False,True,False,
196,10.1002/lno.12185,16,True,False,False,False,
197,10.1002/lno.12185,17,True,False,True,False,
198,10.1002/lno.12185,18,True,False,True,False,
199,10.1002/lno.12185,19,True,False,False,False,
200,10.1002/lno.12185,20,True,False,False,False,
201,10.1002/lno.12185,21,True,False,False,False,
202,10.1002/lno.12185,22,True,False,True,False,
203,10.1002/lno.12185,23,True,False,True,False,
204,10.1002/lno.12185,24,True,False,True,False,
205,10.1002/lno.12185,25,True,False,True,False,
206,10.1002/lno.12185,26,True,False,True,False,
207,10.1002/lno.12185,27,True,False,False,False,
208,10.1002/lno.12802,-1,True,,,,
209,10.1002/lno.12802,0,True,False,False,False,
210,10.1002/lno.12237,-1,True,,,,
211,10.1002/lno.12237,0,True,False,False,False,
212,10.1002/lno.12237,1,True,False,False,False,
213,10.1002/lno.12237,2,True,False,False,False,
214,10.1002/lno.12237,3,True,False,False,False,
215,10.1002/lno.12237,4,True,False,False,False,
216,10.1002/lno.12237,5,True,False,False,False,
217,10.1002/lno.12237,6,True,False,True,False,
218,10.1002/lno.12237,7,True,False,False,False,
219,10.1002/lno.12237,8,True,False,False,False,
220,10.1002/lno.12237,9,True,False,False,False,
221,10.1002/lno.12237,10,True,False,False,False,
222,10.1002/lno.12237,11,True,False,False,False,
223,10.1002/lno.12237,12,True,False,False,False,
224,10.1002/lno.12237,13,True,False,False,False,
225,10.1002/lno.12237,14,True,False,True,False,
226,10.1002/lno.12237,15,True,False,True,False,
227,10.1002/lno.12237,16,True,False,True,False,
228,10.1002/lno.12237,17,True,False,False,False,
229,10.1002/lno.12237,18,True,False,False,False,
230,10.1002/lno.12237,19,True,False,False,False,
231,10.1002/lno.12237,20,True,False,False,False,
232,10.1002/lno.12237,21,True,False,True,False,
233,10.1002/lno.12237,22,True,False,False,False,
234,10.1002/lno.12237,23,True,False,False,False,
235,10.1002/lno.12237,24,True,False,False,False,
236,10.1002/lno.12237,25,True,False,False,False,
237,10.1002/lno.12237,26,True,False,False,False,
238,10.1002/lno.12237,27,True,False,False,False,
239,10.1002/lno.12237,28,True,False,False,False,
240,10.1002/lno.12237,29,True,False,False,False,
241,10.1002/lno.12237,30,True,False,True,False,
242,10.1002/lno.12237,31,True,False,True,False,
243,10.1002/lno.12237,32,True,False,True,False,
244,10.1002/lno.12237,33,True,False,False,False,
245,10.1002/lno.11889,-1,True,,,,
246,10.1002/lno.11889,0,True,False,False,False,
247,10.1002/lno.11889,1,True,False,False,False,
248,10.1002/lno.11889,2,True,False,False,False,
249,10.1002/lno.11889,3,True,False,False,False,
250,10.1002/lno.11889,4,True,False,False,False,
251,10.1002/lno.11889,5,True,False,False,False,
252,10.1002/lno.11889,6,True,False,False,False,
253,10.1002/lno.11889,7,True,False,False,False,
254,10.1002/lno.11889,8,True,False,False,False,
255,10.1002/lno.11889,9,True,False,False,False,
256,10.1002/lno.11889,10,True,False,False,False,
257,10.1002/lno.11889,11,True,False,False,False,
258,10.1002/lno.11889,12,True,False,False,False,
259,10.1002/lno.11889,13,True,False,False,False,
260,10.1002/lno.11889,14,True,False,False,False,
261,10.1002/lno.11889,15,True,False,False,False,
262,10.1002/lno.11889,16,True,False,False,False,
263,10.1002/lno.11889,17,True,False,False,False,
264,10.1002/lno.11889,18,True,False,False,False,
265,10.1002/lno.11889,19,True,False,True,False,
266,10.1002/lno.11889,20,True,False,True,False,
267,10.1002/lno.11889,21,True,False,True,False,
268,10.1002/lno.11889,22,True,False,False,False,
269,10.1002/lno.11889,23,True,False,False,False,
270,10.1002/lno.11889,24,True,False,False,False,
271,10.1002/lno.11889,25,True,False,False,False,
272,10.1002/lno.11889,26,True,False,False,False,
273,10.1002/lno.11889,27,True,False,False,False,
274,10.1002/lno.11889,28,True,False,False,False,
275,10.1002/lno.11889,29,True,False,False,False,
276,10.1002/lno.11889,30,True,False,False,False,
277,10.1002/lno.11889,31,True,False,False,False,
278,10.1002/lno.11889,32,True,False,False,False,
279,10.1002/lno.12120,-1,True,,,,
280,10.1002/lno.12120,0,True,False,False,False,
281,10.1002/lno.11991,-1,True,,,,
282,10.1002/lno.11991,0,True,False,False,False,
283,10.1002/lno.11991,1,True,False,False,False,
284,10.1002/lno.11991,2,True,False,False,False,
285,10.1002/lno.11991,3,True,False,False,False,
286,10.1002/lno.11991,4,True,False,False,False,
287,10.1002/lno.11991,5,True,False,False,False,
288,10.1002/lno.11991,6,True,False,False,False,
289,10.1002/lno.11991,7,True,False,True,False,
290,10.1002/lno.11991,8,True,False,True,False,
291,10.1002/lno.11991,9,True,False,False,False,
292,10.1002/lno.11991,10,True,False,False,False,
293,10.1002/lno.11991,11,True,False,True,False,
294,10.1002/lno.11991,12,True,False,True,False,
295,10.1002/lno.11991,13,True,False,False,False,
296,10.1002/lno.11991,14,True,False,False,False,
297,10.1002/lno.11991,15,True,False,False,False,
298,10.1002/lno.11991,16,True,False,False,False,
299,10.1002/lno.11991,17,True,False,True,False,
300,10.1002/lno.11991,18,True,False,True,False,
301,10.1002/lno.11991,19,True,False,True,False,
302,10.1002/lno.11991,20,True,False,True,False,
303,10.1002/lno.11991,21,True,False,True,False,
304,10.1002/lno.11991,22,True,False,False,False,
305,10.1002/lno.11991,23,True,False,False,False,
306,10.1002/lno.11991,24,True,False,False,False,
307,10.1002/lno.11991,25,True,False,False,False,
308,10.1002/lno.11991,26,True,False,False,False,
309,10.1002/lno.11991,27,True,False,False,False,
310,10.1002/lno.11991,28,True,False,False,False,
311,10.1002/lno.11991,29,True,False,False,False,
312,10.1002/lno.70109,-1,False,,,,
313,10.1002/lno.11719,-1,False,,,,
314,10.1002/lno.12415,-1,False,,,,
315,10.1002/lno.12224,-1,True,,,,
316,10.1002/lno.12224,0,True,False,False,False,
317,10.1002/lno.12224,1,True,False,False,False,
318,10.1002/lno.12224,2,True,False,False,False,
319,10.1002/lno.12224,3,True,False,False,False,
320,10.1002/lno.12224,4,True,False,False,False,
321,10.1002/lno.12224,5,True,False,False,False,
322,10.1002/lno.12224,6,True,False,False,False,
323,10.1002/lno.12224,7,True,False,False,False,
324,10.1002/lno.12224,8,True,False,False,False,
325,10.1002/lno.12224,9,True,False,False,False,
326,10.1002/lno.12224,10,True,False,False,False,
327,10.1002/lno.12224,11,True,False,False,False,
328,10.1002/lno.12224,12,True,False,False,False,
329,10.1002/lno.12224,13,True,False,True,False,
330,10.1002/lno.12224,14,True,False,True,False,
331,10.1002/lno.12224,15,True,False,True,False,
332,10.1002/lno.12224,16,True,False,False,False,
333,10.1002/lno.12224,17,True,False,True,False,
334,10.1002/lno.12224,18,True,False,False,False,
335,10.1002/lno.12224,19,True,False,True,False,
336,10.1002/lno.12224,20,True,False,False,False,
337,10.1002/lno.12224,21,True,False,False,False,
338,10.1002/lno.12224,22,True,False,False,False,
339,10.1002/lno.12224,23,True,False,False,False,
340,10.1002/lno.12224,24,True,False,False,False,
341,10.1002/lno.12224,25,True,False,False,False,
342,10.1002/lno.12224,26,True,False,True,False,
343,10.1002/lno.12224,27,True,False,False,False,
344,10.1002/lno.12224,28,True,False,False,False,
345,10.1002/lno.12224,29,True,False,False,False,
346,10.1002/lno.12224,30,True,False,False,False,
347,10.1002/lno.12224,31,True,False,False,False,
348,10.1002/lno.12224,32,True,False,True,False,
349,10.1002/lno.12224,33,True,False,True,False,
350,10.1002/lno.12224,34,True,False,False,False,
351,10.1002/lno.12179,-1,False,,,,
352,10.1002/lno.12758,-1,False,,,,
353,10.1002/lno.11271,-1,False,,,,
354,10.1002/lno.11558,-1,True,,,,
355,10.1002/lno.11558,0,True,False,False,False,
356,10.1002/lno.11558,1,True,False,False,False,
357,10.1002/lno.11558,2,True,False,False,False,
358,10.1002/lno.11558,3,True,False,False,False,
359,10.1002/lno.11558,4,True,False,False,False,
360,10.1002/lno.11558,5,True,False,False,False,
361,10.1002/lno.11558,6,True,False,False,False,
362,10.1002/lno.11558,7,True,False,False,False,
363,10.1002/lno.11558,8,True,False,False,False,
364,10.1002/lno.11558,9,True,False,True,False,
365,10.1002/lno.11558,10,True,False,True,False,
366,10.1002/lno.11558,11,True,False,False,False,
367,10.1002/lno.11558,12,True,False,False,False,
368,10.1002/lno.11558,13,True,False,False,False,
369,10.1002/lno.11558,14,True,False,True,False,
370,10.1002/lno.11558,15,True,False,True,False,
371,10.1002/lno.11558,16,True,False,False,False,
372,10.1002/lno.11558,17,True,False,False,False,
373,10.1002/lno.11558,18,True,False,False,False,
374,10.1002/lno.11558,19,True,False,False,False,
375,10.1002/lno.11558,20,True,False,False,False,
376,10.1002/lno.11558,21,True,False,False,False,
377,10.1002/lno.11558,22,True,False,False,False,
378,10.1002/lno.11558,23,True,False,False,False,
379,10.1002/lno.11558,24,True,False,False,False,
380,10.1002/lno.11558,25,True,False,False,False,
381,10.1002/lno.11558,26,True,False,False,False,
382,10.1002/lno.11558,27,True,False,False,False,
383,10.1002/lno.11558,28,True,False,False,False,
384,10.1002/lno.11558,29,True,False,False,False,
385,10.1002/lno.11878,-1,False,,,,
386,10.1002/lno.12683,-1,False,,,,
387,10.1002/lno.12717,-1,True,,,,
388,10.1002/lno.12717,0,True,False,False,False,
389,10.1002/lno.12717,1,True,True,False,True,"The context is studying **coastal wetlands**. 

The specific quantitative or descriptive characteristics used to define them are:

*   They are influenced by both **terrestrial and marine hydrology**.
*   They serve as **vital biogeochemical interfaces** where complex chemical processes modulate the transformation and movement of key biologically important elements (C, biogenic Si, N, and P).
*   They are recognized as **""hotspots"" of biogeochemical activity**.
*   **Assemblages were primarily composed of forms derived from the Poaceae family.**
*   **Biogenic Si-occluded C content was consistent across both sites, accounting for 0.97-5.71% of the total organic C pool** (with values ranging from 0.035-1.870 g kg À1).
*   **Total organic C, pH, and amorphous aluminum oxides either directly or indirectly influenced the biogenic Si content.**"
390,10.1002/lno.12717,2,True,False,False,False,
391,10.1002/lno.12717,3,True,False,False,False,
392,10.1002/lno.12717,4,True,False,False,True,
393,10.1002/lno.12717,5,True,True,False,False,"The two coastal ecosystems being studied are the **Qilihai wetland** and the **Beidagang wetland**. 

Here are the quantitative and descriptive characteristics used to define them within this excerpt:

**Qilihai Wetland:**
*   **Location:** Northeast of Tianjin (39 07 0 -39 43 0 N, 117 12 0 -117 43 0 E)
*   **Ecosystem Type:** Lagoon
*   **Key Features:** Bisected by the Chaobaixin River into the Qilihai Reservoir (east) and reed swamp (west).
*   **Dominant Vegetation:** *Phragmites australis* (reed swamp)
*   **Mean Annual Temperature:** 12°C
*   **Mean Annual Precipitation:** 611 mm
*   **Mean Annual Evaporation:** 1200 mm

**Beidagang Wetland:**
*   **Location:** Southeast of Tianjin (38 36 0 -39 04 0 N, 116 55 0 -117 37 0 E)
*   **Internationally significant wetland:** Designated in February 2020
*   **Key Features:** Comprises the Beidagang Reservoir, the lower reaches of the Duliujian River, and adjacent mudflats.
*   **Dominant Vegetation:** *P. australis* and *Suaeda salsa*
*   **Mean Annual Temperature:** 11.3°C
*   **Mean Annual Precipitation:** 550 mm
*   **Mean Annual Evaporation:** 1777 mm

Both wetlands are also characterized by a **warm temperate semi-humid continental monsoon climate** and receive approximately **75% of their annual rainfall during the summer months (June-August)**."
394,10.1002/lno.12717,6,True,False,False,False,
395,10.1002/lno.12717,7,True,False,False,True,
396,10.1002/lno.12717,8,True,False,False,False,
397,10.1002/lno.12717,9,True,False,True,False,
398,10.1002/lno.12717,10,True,False,True,False,
399,10.1002/lno.12717,11,True,False,False,False,
400,10.1002/lno.12717,12,True,False,True,True,
401,10.1002/lno.12717,13,True,False,True,False,
402,10.1002/lno.12717,14,True,False,True,True,
403,10.1002/lno.12717,15,True,False,True,True,
404,10.1002/lno.12717,16,True,False,True,False,
405,10.1002/lno.12717,17,True,False,False,False,
406,10.1002/lno.12717,18,True,False,False,True,
407,10.1002/lno.12717,19,True,False,False,False,
408,10.1002/lno.12717,20,True,False,True,False,
409,10.1002/lno.12717,21,True,False,True,False,
410,10.1002/lno.12717,22,True,False,False,False,
411,10.1002/lno.12717,23,True,False,False,False,
412,10.1002/lno.12717,24,True,False,True,True,
413,10.1002/lno.12717,25,True,False,True,True,
414,10.1002/lno.12717,26,True,False,True,False,
415,10.1002/lno.12717,27,True,False,True,True,
416,10.1002/lno.12717,28,True,False,True,True,
417,10.1002/lno.12717,29,True,False,False,False,
418,10.1002/lno.12717,30,True,False,False,True,
419,10.1002/lno.12717,31,True,False,False,True,
420,10.1002/lno.12717,32,True,False,True,True,
421,10.1002/lno.12717,33,True,False,True,False,
422,10.1002/lno.12717,34,True,False,True,False,
423,10.1002/lno.12717,35,True,False,False,False,
424,10.1002/lno.12002,-1,True,,,,
425,10.1002/lno.12002,0,True,False,False,False,
426,10.1002/lno.12002,1,True,True,False,False,"The coastal ecosystem being studied is **coral reefs**. 

The specific quantitative attributes or descriptive characteristics used to define them are:

*   **High productivity**
*   **Large living structures**
*   Reliance on **biogenic calcification** – the process by which framework-building corals, crustose coralline algae (CCA), and other calcifying organisms contribute to calcium carbonate (CaCO<sub>3</sub>) reef structure.
*   Provision of services including **coastal protection, habitat provision, fisheries, and tourism**."
427,10.1002/lno.12002,2,True,False,False,False,
428,10.1002/lno.12002,3,True,False,False,False,
429,10.1002/lno.12002,4,True,False,False,False,
430,10.1002/lno.12002,5,True,False,False,False,
431,10.1002/lno.12002,6,True,False,True,False,
432,10.1002/lno.12002,7,True,False,True,False,
433,10.1002/lno.12002,8,True,False,False,False,
434,10.1002/lno.12002,9,True,False,False,False,
435,10.1002/lno.12002,10,True,False,True,False,
436,10.1002/lno.12002,11,True,False,False,False,
437,10.1002/lno.12002,12,True,False,False,False,
438,10.1002/lno.12002,13,True,False,True,False,
439,10.1002/lno.12002,14,True,False,True,False,
440,10.1002/lno.12002,15,True,False,True,False,
441,10.1002/lno.12002,16,True,False,True,False,
442,10.1002/lno.12002,17,True,False,False,False,
443,10.1002/lno.12002,18,True,False,True,False,
444,10.1002/lno.12002,19,True,False,False,False,
445,10.1002/lno.12002,20,True,False,False,False,
446,10.1002/lno.12002,21,True,False,False,False,
447,10.1002/lno.12002,22,True,False,False,False,
448,10.1002/lno.12002,23,True,False,False,False,
449,10.1002/lno.12002,24,True,False,False,False,
450,10.1002/lno.12002,25,True,False,False,False,
451,10.1002/lno.12002,26,True,False,False,False,
452,10.1002/lno.12002,27,True,False,False,False,
453,10.1002/lno.12002,28,True,False,False,False,
454,10.1002/lno.12002,29,True,False,False,False,
455,10.1002/lno.12002,30,True,False,False,False,
456,10.1002/lno.12566,-1,True,,,,
457,10.1002/lno.12566,0,True,False,False,False,
458,10.1002/lno.12566,1,True,False,False,False,
459,10.1002/lno.12566,2,True,False,False,False,
460,10.1002/lno.12566,3,True,False,False,False,
461,10.1002/lno.12566,4,True,False,False,False,
462,10.1002/lno.12566,5,True,False,False,False,
463,10.1002/lno.12566,6,True,False,False,False,
464,10.1002/lno.12566,7,True,False,False,False,
465,10.1002/lno.12566,8,True,False,False,False,
466,10.1002/lno.12566,9,True,False,False,False,
467,10.1002/lno.12566,10,True,False,False,False,
468,10.1002/lno.12566,11,True,False,False,False,
469,10.1002/lno.12566,12,True,False,False,False,
470,10.1002/lno.12566,13,True,False,False,False,
471,10.1002/lno.12566,14,True,False,False,False,
472,10.1002/lno.12566,15,True,False,False,False,
473,10.1002/lno.12566,16,True,False,False,False,
474,10.1002/lno.12566,17,True,False,False,False,
475,10.1002/lno.12566,18,True,False,False,False,
476,10.1002/lno.12566,19,True,False,False,False,
477,10.1002/lno.12566,20,True,False,False,False,
478,10.1002/lno.12566,21,True,False,False,False,
479,10.1002/lno.12566,22,True,False,False,False,
480,10.1002/lno.12566,23,True,False,False,False,
481,10.1002/lno.12566,24,True,False,False,False,
482,10.1002/lno.12566,25,True,False,False,False,
483,10.1002/lno.12566,26,True,False,False,False,
484,10.1002/lno.12566,27,True,False,False,False,
485,10.1002/lno.12566,28,True,False,False,False,
486,10.1002/lno.12566,29,True,False,False,False,
487,10.1002/lno.12566,30,True,False,False,False,
488,10.1002/lno.12566,31,True,False,False,False,
489,10.1002/lno.12812,-1,False,,,,
490,10.1002/lno.12332,-1,True,,,,
491,10.1002/lno.12332,0,True,False,False,False,
492,10.1002/lno.12332,1,True,True,False,False,"According to the text, the coastal ecosystems being studied are **tidal flats**. 

They are defined by being **dominated by a wide range of bioturbating benthic species**."
493,10.1002/lno.12332,2,True,False,False,False,
494,10.1002/lno.12332,3,True,False,False,False,
495,10.1002/lno.12332,4,True,False,False,False,
496,10.1002/lno.12332,5,True,False,False,False,
497,10.1002/lno.12332,6,True,False,False,False,
498,10.1002/lno.12332,7,True,False,False,False,
499,10.1002/lno.12332,8,True,False,False,False,
500,10.1002/lno.12332,9,True,False,True,False,
501,10.1002/lno.12332,10,True,False,False,False,
502,10.1002/lno.12332,11,True,False,False,False,
503,10.1002/lno.12332,12,True,False,False,False,
504,10.1002/lno.12332,13,True,False,False,False,
505,10.1002/lno.12332,14,True,False,False,False,
506,10.1002/lno.12332,15,True,False,False,False,
507,10.1002/lno.12332,16,True,False,True,False,
508,10.1002/lno.12332,17,True,False,False,False,
509,10.1002/lno.12332,18,True,False,False,False,
510,10.1002/lno.12332,19,True,False,False,False,
511,10.1002/lno.12332,20,True,False,False,False,
512,10.1002/lno.12332,21,True,False,False,False,
513,10.1002/lno.12332,22,True,False,False,False,
514,10.1002/lno.12332,23,True,False,False,False,
515,10.1002/lno.12332,24,True,False,False,False,
516,10.1002/lno.12332,25,True,False,False,False,
517,10.1002/lno.12332,26,True,False,False,False,
518,10.1002/lno.12332,27,True,False,False,False,
519,10.1002/lno.12332,28,True,False,False,False,
520,10.1002/lno.12564,-1,False,,,,
521,10.1002/lno.12219,-1,False,,,,
522,10.1002/lno.12780,-1,False,,,,
523,10.1002/lno.12283,-1,False,,,,
524,10.1002/lno.11745,-1,False,,,,
525,10.1002/lno.12180,-1,False,,,,
526,10.1002/lno.12131,-1,False,,,,
527,10.1002/lno.11269,-1,True,,,,
528,10.1002/lno.11269,0,True,False,False,False,
529,10.1002/lno.12056,-1,True,,,,
530,10.1002/lno.12056,0,True,False,False,False,
531,10.1002/lno.12056,1,True,False,False,False,
532,10.1002/lno.12056,2,True,False,False,False,
533,10.1002/lno.12056,3,True,False,False,False,
534,10.1002/lno.12056,4,True,False,False,False,
535,10.1002/lno.12056,5,True,False,False,False,
536,10.1002/lno.12056,6,True,False,False,False,
537,10.1002/lno.12056,7,True,False,False,False,
538,10.1002/lno.12056,8,True,False,False,False,
539,10.1002/lno.12056,9,True,False,False,False,
540,10.1002/lno.12056,10,True,False,False,False,
541,10.1002/lno.12056,11,True,False,False,False,
542,10.1002/lno.12056,12,True,False,False,False,
543,10.1002/lno.12056,13,True,False,False,False,
544,10.1002/lno.12056,14,True,False,True,False,
545,10.1002/lno.12056,15,True,False,True,False,
546,10.1002/lno.12056,16,True,False,False,False,
547,10.1002/lno.12056,17,True,False,False,False,
548,10.1002/lno.12056,18,True,False,True,False,
549,10.1002/lno.12056,19,True,False,False,False,
550,10.1002/lno.12056,20,True,False,False,False,
551,10.1002/lno.12056,21,True,False,True,False,
552,10.1002/lno.12056,22,True,False,True,False,
553,10.1002/lno.12056,23,True,False,True,False,
554,10.1002/lno.12056,24,True,False,False,False,
555,10.1002/lno.12056,25,True,False,False,False,
556,10.1002/lno.12056,26,True,False,False,False,
557,10.1002/lno.12056,27,True,False,False,False,
558,10.1002/lno.12056,28,True,False,False,False,
559,10.1002/lno.12056,29,True,False,False,False,
560,10.1002/lno.12056,30,True,False,False,False,
561,10.1002/lno.12056,31,True,False,True,False,
562,10.1002/lno.12056,32,True,False,False,False,
563,10.1002/lno.12197,-1,False,,,,
564,10.1002/lno.11535,-1,True,,,,
565,10.1002/lno.11535,0,True,False,False,False,
566,10.1002/lno.12410,-1,False,,,,
567,10.1002/lno.11793,-1,False,,,,
568,10.1002/lno.12042,-1,True,,,,
569,10.1002/lno.12042,0,True,False,False,False,
570,10.1002/lno.12042,1,True,False,False,False,
571,10.1002/lno.12042,2,True,False,False,False,
572,10.1002/lno.12042,3,True,True,False,False,"The coastal ecosystems being studied are **bar-built estuaries** (also referred to as **lagoons**). 

The specific descriptive characteristics used to define them are:

*   **Intermittent connection to the ocean:** They are connected during wet seasons but disconnect when rainfall stops and a sandbar/berm forms.
*   **Dynamic bathymetry:** The shape of the basin changes extensively with breaching and closing cycles.
*   **Seasonal fluctuations in physicochemical properties:** Changes in temperature and dissolved oxygen, potentially including stratification, accompany the physical changes.
*   **Potential for anoxic conditions:** Dissolved oxygen can reach anoxic levels during the summer dry period.
*   **Habitat for the Northern tidewater goby:** They are a habitat specialist adapted to living in these ecosystems.
*   **Flow regime:** They transition from flowing and river-like in winter to still and pond-like in summer."
573,10.1002/lno.12042,4,True,False,False,False,
574,10.1002/lno.12042,5,True,False,False,False,
575,10.1002/lno.12042,6,True,False,False,False,
576,10.1002/lno.12042,7,True,False,False,False,
577,10.1002/lno.12042,8,True,False,False,False,
578,10.1002/lno.12042,9,True,False,True,False,
579,10.1002/lno.12042,10,True,False,False,False,
580,10.1002/lno.12042,11,True,False,False,False,
581,10.1002/lno.12042,12,True,False,True,False,
582,10.1002/lno.12042,13,True,False,False,False,
583,10.1002/lno.12042,14,True,False,True,False,
584,10.1002/lno.12042,15,True,False,True,False,
585,10.1002/lno.12042,16,True,False,True,False,
586,10.1002/lno.12042,17,True,False,True,False,
587,10.1002/lno.12042,18,True,False,False,False,
588,10.1002/lno.12042,19,True,False,False,False,
589,10.1002/lno.12042,20,True,False,False,False,
590,10.1002/lno.12042,21,True,False,False,False,
591,10.1002/lno.12042,22,True,False,False,False,
592,10.1002/lno.12042,23,True,False,False,False,
593,10.1002/lno.12042,24,True,False,False,False,
594,10.1002/lno.12042,25,True,False,True,False,
595,10.1002/lno.12042,26,True,False,False,False,
596,10.1002/lno.11628,-1,True,,,,
597,10.1002/lno.11628,0,True,False,False,False,
598,10.1002/lno.11628,1,True,False,False,False,
599,10.1002/lno.11628,2,True,False,False,False,
600,10.1002/lno.11628,3,True,False,False,False,
601,10.1002/lno.11628,4,True,False,False,False,
602,10.1002/lno.11628,5,True,False,True,False,
603,10.1002/lno.11628,6,True,False,True,False,
604,10.1002/lno.11628,7,True,False,False,False,
605,10.1002/lno.11628,8,True,False,True,False,
606,10.1002/lno.11628,9,True,False,True,False,
607,10.1002/lno.11628,10,True,False,False,False,
608,10.1002/lno.11628,11,True,False,False,False,
609,10.1002/lno.11628,12,True,False,False,False,
610,10.1002/lno.11628,13,True,False,False,False,
611,10.1002/lno.11628,14,True,False,False,False,
612,10.1002/lno.11628,15,True,False,False,False,
613,10.1002/lno.11628,16,True,False,False,False,
614,10.1002/lno.11628,17,True,False,False,False,
615,10.1002/lno.11628,18,True,False,False,False,
616,10.1002/lno.11628,19,True,False,False,False,
617,10.1002/lno.11628,20,True,False,False,False,
618,10.1002/lno.11628,21,True,False,False,False,
619,10.1002/lno.11628,22,True,False,False,False,
620,10.1002/lno.11628,23,True,False,False,False,
621,10.1002/lno.11628,24,True,False,False,False,
622,10.1002/lno.11628,25,True,False,False,False,
623,10.1002/lno.11628,26,True,False,False,True,
624,10.1002/lno.11628,27,True,False,False,False,
625,10.1002/lno.11628,28,True,False,True,False,
626,10.1002/lno.11985,-1,True,,,,
627,10.1002/lno.11985,0,True,False,False,False,
628,10.1002/lno.11985,1,True,False,False,False,
629,10.1002/lno.11985,2,True,False,False,False,
630,10.1002/lno.11985,3,True,False,False,False,
631,10.1002/lno.11985,4,True,False,False,False,
632,10.1002/lno.11985,5,True,False,False,False,
633,10.1002/lno.11985,6,True,False,False,False,
634,10.1002/lno.11985,7,True,False,False,False,
635,10.1002/lno.11985,8,True,False,False,False,
636,10.1002/lno.11985,9,True,False,True,False,
637,10.1002/lno.11985,10,True,False,True,False,
638,10.1002/lno.11985,11,True,False,False,False,
639,10.1002/lno.11985,12,True,False,False,False,
640,10.1002/lno.11985,13,True,False,False,False,
641,10.1002/lno.11985,14,True,False,False,False,
642,10.1002/lno.11985,15,True,False,False,False,
643,10.1002/lno.11985,16,True,False,False,False,
644,10.1002/lno.11985,17,True,False,False,False,
645,10.1002/lno.11985,18,True,False,False,False,
646,10.1002/lno.11985,19,True,False,False,False,
647,10.1002/lno.11985,20,True,False,False,False,
648,10.1002/lno.11985,21,True,False,False,False,
649,10.1002/lno.11985,22,True,False,False,False,
650,10.1002/lno.11985,23,True,False,False,False,
651,10.1002/lno.11985,24,True,False,False,False,
652,10.1002/lno.11985,25,True,False,False,False,
653,10.1002/lno.11985,26,True,False,False,False,
654,10.1002/lno.11985,27,True,False,False,False,
655,10.1002/lno.11985,28,True,False,False,False,
656,10.1002/lno.11985,29,True,False,False,False,
657,10.1002/lno.11985,30,True,False,False,False,
658,10.1002/lno.11985,31,True,False,False,False,
659,10.1002/lno.11985,32,True,False,False,False,
660,10.1002/lno.11985,33,True,False,False,False,
661,10.1002/lno.11985,34,True,False,False,False,
662,10.1002/lno.11985,35,True,False,False,False,
663,10.1002/lno.11985,36,True,False,False,True,
664,10.1002/lno.11274,-1,True,,,,
665,10.1002/lno.11274,0,True,False,False,False,
666,10.1002/lno.11773,-1,True,,,,
667,10.1002/lno.11773,0,True,False,False,False,
668,10.1002/lno.11773,1,True,False,False,False,
669,10.1002/lno.11773,2,True,False,False,False,
670,10.1002/lno.11773,3,True,False,False,False,
671,10.1002/lno.11773,4,True,False,False,False,
672,10.1002/lno.11773,5,True,False,True,False,
673,10.1002/lno.11773,6,True,False,True,False,
674,10.1002/lno.11773,7,True,False,True,False,
675,10.1002/lno.11773,8,True,False,False,False,
676,10.1002/lno.11773,9,True,False,False,False,
677,10.1002/lno.11773,10,True,False,False,False,
678,10.1002/lno.11773,11,True,False,False,False,
679,10.1002/lno.11773,12,True,False,False,False,
680,10.1002/lno.11773,13,True,False,False,False,
681,10.1002/lno.11773,14,True,False,False,False,
682,10.1002/lno.11773,15,True,False,False,False,
683,10.1002/lno.11773,16,True,False,False,False,
684,10.1002/lno.11773,17,True,False,True,False,
685,10.1002/lno.11773,18,True,False,False,False,
686,10.1002/lno.11773,19,True,False,False,False,
687,10.1002/lno.11773,20,True,False,False,False,
688,10.1002/lno.11773,21,True,False,True,False,
689,10.1002/lno.11773,22,True,False,True,False,
690,10.1002/lno.11773,23,True,False,True,False,
691,10.1002/lno.11773,24,True,False,True,False,
692,10.1002/lno.11773,25,True,False,True,False,
693,10.1002/lno.11773,26,True,False,True,False,
694,10.1002/lno.11773,27,True,False,False,False,
695,10.1002/lno.11773,28,True,False,False,False,
696,10.1002/lno.11773,29,True,False,False,False,
697,10.1002/lno.11773,30,True,False,False,False,
698,10.1002/lno.11773,31,True,False,False,False,
699,10.1002/lno.11773,32,True,False,False,False,
700,10.1002/lno.11773,33,True,False,False,False,
701,10.1002/lno.11773,34,True,False,False,False,
702,10.1002/lno.11773,35,True,False,False,False,
703,10.1002/lno.11773,36,True,False,False,False,
704,10.1002/lno.11773,37,True,False,False,False,
705,10.1002/lno.11773,38,True,False,True,False,
706,10.1002/lno.11773,39,True,False,False,False,
707,10.1002/lno.11773,40,True,False,True,False,
708,10.1002/lno.11773,41,True,False,True,False,
709,10.1002/lno.11773,42,True,False,False,False,
710,10.1002/lno.11573,-1,True,,,,
711,10.1002/lno.11573,0,True,False,False,False,
712,10.1002/lno.11573,1,True,False,False,False,
713,10.1002/lno.11573,2,True,False,False,False,
714,10.1002/lno.11573,3,True,False,False,False,
715,10.1002/lno.11573,4,True,False,False,False,
716,10.1002/lno.11573,5,True,False,False,False,
717,10.1002/lno.11573,6,True,False,False,False,
718,10.1002/lno.11573,7,True,False,False,False,
719,10.1002/lno.11573,8,True,False,False,False,
720,10.1002/lno.11573,9,True,False,False,False,
721,10.1002/lno.11573,10,True,False,False,False,
722,10.1002/lno.11573,11,True,False,False,False,
723,10.1002/lno.11573,12,True,False,False,False,
724,10.1002/lno.11573,13,True,False,False,False,
725,10.1002/lno.11573,14,True,False,False,False,
726,10.1002/lno.11573,15,True,False,False,False,
727,10.1002/lno.11573,16,True,False,False,False,
728,10.1002/lno.11573,17,True,False,True,False,
729,10.1002/lno.11573,18,True,False,True,False,
730,10.1002/lno.11573,19,True,False,True,False,
731,10.1002/lno.11573,20,True,False,True,False,
732,10.1002/lno.11573,21,True,False,False,False,
733,10.1002/lno.11573,22,True,False,False,False,
734,10.1002/lno.11573,23,True,False,False,False,
735,10.1002/lno.11573,24,True,False,False,False,
736,10.1002/lno.11573,25,True,False,False,False,
737,10.1002/lno.11573,26,True,False,False,False,
738,10.1002/lno.11573,27,True,False,False,False,
739,10.1002/lno.11573,28,True,False,False,False,
740,10.1002/lno.11573,29,True,False,False,False,
741,10.1002/lno.11573,30,True,False,False,False,
742,10.1002/lno.11573,31,True,False,False,False,
743,10.1002/lno.11573,32,True,False,False,False,
744,10.1002/lno.11573,33,True,False,False,False,
745,10.1002/lno.11573,34,True,False,False,False,
746,10.1002/lno.11573,35,True,False,False,False,
747,10.1002/lno.11573,36,True,False,False,True,
748,10.1002/lno.11573,37,True,False,False,False,
749,10.1002/lno.11573,38,True,False,False,False,
750,10.1002/lno.11573,39,True,False,False,False,
751,10.1002/lno.11573,40,True,False,False,False,
752,10.1002/lno.11573,41,True,False,True,False,
753,10.1002/lno.11573,42,True,False,False,False,
754,10.1002/lno.12545,-1,False,,,,
755,10.1002/lno.12264,-1,False,,,,
756,10.1002/lno.70028,-1,True,,,,
757,10.1002/lno.70028,0,True,False,False,True,
758,10.1002/lno.70028,1,True,False,False,False,
759,10.1002/lno.70028,2,True,True,False,False,"Based on the provided excerpt, the following coastal ecosystems are being studied, along with their defining characteristics:

*   **Coastal wetlands:** Account for approximately 10% of the global wetland area and are important carbon sinks.
*   **Intertidal land:** Experienced a net loss of 4000 km² globally from 1999 to 2019, with 27% of this loss attributed to human activities.
*   **Mangroves:** Distinguished by their substantial carbon storage capacity; have experienced a loss of 30-50% of their area over the past 50 years due to conversion to agricultural and aquacultural production."
760,10.1002/lno.70028,3,True,False,False,False,
761,10.1002/lno.70028,4,True,False,False,False,
762,10.1002/lno.70028,5,True,False,False,False,
763,10.1002/lno.70028,6,True,False,False,True,
764,10.1002/lno.70028,7,True,False,False,False,
765,10.1002/lno.70028,8,True,False,False,False,
766,10.1002/lno.70028,9,True,False,False,False,
767,10.1002/lno.70028,10,True,False,False,False,
768,10.1002/lno.70028,11,True,False,True,True,
769,10.1002/lno.70028,12,True,False,True,False,
770,10.1002/lno.70028,13,True,False,True,True,
771,10.1002/lno.70028,14,True,False,False,False,
772,10.1002/lno.70028,15,True,False,True,True,
773,10.1002/lno.70028,16,True,False,False,False,
774,10.1002/lno.70028,17,True,False,False,True,
775,10.1002/lno.70028,18,True,False,True,True,
776,10.1002/lno.70028,19,True,False,False,False,
777,10.1002/lno.70028,20,True,False,True,False,
778,10.1002/lno.70028,21,True,False,True,False,
779,10.1002/lno.70028,22,True,False,False,True,
780,10.1002/lno.70028,23,True,False,True,True,
781,10.1002/lno.70028,24,True,False,False,True,
782,10.1002/lno.70028,25,True,False,False,False,
783,10.1002/lno.70028,26,True,False,False,False,
784,10.1002/lno.70028,27,True,False,True,False,
785,10.1002/lno.70028,28,True,False,False,False,
786,10.1002/lno.70028,29,True,False,False,True,
787,10.1002/lno.70028,30,True,False,False,False,
788,10.1002/lno.70028,31,True,False,False,False,
789,10.1002/lno.12149,-1,True,,,,
790,10.1002/lno.12149,0,True,False,False,False,
791,10.1002/lno.11731,-1,True,,,,
792,10.1002/lno.11731,0,True,False,False,False,
793,10.1002/lno.11731,1,True,False,False,False,
794,10.1002/lno.11731,2,True,False,False,False,
795,10.1002/lno.11731,3,True,False,False,False,
796,10.1002/lno.11731,4,True,False,False,False,
797,10.1002/lno.11731,5,True,False,False,False,
798,10.1002/lno.11731,6,True,False,True,False,
799,10.1002/lno.11731,7,True,False,True,False,
800,10.1002/lno.11731,8,True,False,True,False,
801,10.1002/lno.11731,9,True,False,False,False,
802,10.1002/lno.11731,10,True,False,True,False,
803,10.1002/lno.11731,11,True,False,False,False,
804,10.1002/lno.11731,12,True,False,False,False,
805,10.1002/lno.11731,13,True,False,False,False,
806,10.1002/lno.11731,14,True,False,False,False,
807,10.1002/lno.11731,15,True,False,False,False,
808,10.1002/lno.11731,16,True,False,True,False,
809,10.1002/lno.11731,17,True,False,True,False,
810,10.1002/lno.11731,18,True,False,True,False,
811,10.1002/lno.11731,19,True,False,False,False,
812,10.1002/lno.11731,20,True,False,False,False,
813,10.1002/lno.11731,21,True,False,False,False,
814,10.1002/lno.11731,22,True,False,True,False,
815,10.1002/lno.11731,23,True,False,False,False,
816,10.1002/lno.11731,24,True,False,True,False,
817,10.1002/lno.11731,25,True,False,True,False,
818,10.1002/lno.11731,26,True,False,True,False,
819,10.1002/lno.11731,27,True,False,False,False,
820,10.1002/lno.11731,28,True,False,True,False,
821,10.1002/lno.11731,29,True,False,False,False,
822,10.1002/lno.11731,30,True,False,False,False,
823,10.1002/lno.11731,31,True,False,True,False,
824,10.1002/lno.11731,32,True,False,False,False,
825,10.1002/lno.11731,33,True,False,False,False,
826,10.1002/lno.11731,34,True,False,False,False,
827,10.1002/lno.11731,35,True,False,False,False,
828,10.1002/lno.11731,36,True,False,False,False,
829,10.1002/lno.11731,37,True,False,False,False,
830,10.1002/lno.11731,38,True,False,True,False,
831,10.1002/lno.11731,39,True,False,False,False,
832,10.1002/lno.11731,40,True,False,True,False,
833,10.1002/lno.11731,41,True,False,True,False,
834,10.1002/lno.11731,42,True,False,True,False,
835,10.1002/lno.11731,43,True,False,True,False,
836,10.1002/lno.12773,-1,False,,,,
837,10.1002/lno.12183,-1,False,,,,
838,10.1002/lno.11626,-1,False,,,,
839,10.1002/lno.12114,-1,True,,,,
840,10.1002/lno.12114,0,True,False,False,False,
841,10.1002/lno.12470,-1,False,,,,
842,10.1002/lno.11546,-1,False,,,,
843,10.1002/lno.12171,-1,True,,,,
844,10.1002/lno.12171,0,True,False,False,False,
845,10.1002/lno.12171,1,True,False,False,False,
846,10.1002/lno.12171,2,True,False,False,False,
847,10.1002/lno.12171,3,True,False,False,False,
848,10.1002/lno.12171,4,True,False,False,False,
849,10.1002/lno.12171,5,True,False,False,False,
850,10.1002/lno.12171,6,True,False,False,False,
851,10.1002/lno.12171,7,True,False,False,False,
852,10.1002/lno.12171,8,True,False,True,False,
853,10.1002/lno.12171,9,True,False,False,False,
854,10.1002/lno.12171,10,True,False,False,False,
855,10.1002/lno.12171,11,True,False,False,False,
856,10.1002/lno.12171,12,True,False,False,False,
857,10.1002/lno.12171,13,True,False,False,False,
858,10.1002/lno.12171,14,True,False,False,False,
859,10.1002/lno.12171,15,True,False,True,False,
860,10.1002/lno.12171,16,True,False,False,False,
861,10.1002/lno.12171,17,True,False,True,False,
862,10.1002/lno.12171,18,True,False,True,False,
863,10.1002/lno.12171,19,True,False,False,False,
864,10.1002/lno.12171,20,True,False,False,False,
865,10.1002/lno.12171,21,True,False,False,False,
866,10.1002/lno.12171,22,True,False,False,False,
867,10.1002/lno.12171,23,True,False,False,False,
868,10.1002/lno.12171,24,True,False,False,False,
869,10.1002/lno.12171,25,True,False,False,False,
870,10.1002/lno.12171,26,True,False,False,False,
871,10.1002/lno.12171,27,True,False,False,False,
872,10.1002/lno.12171,28,True,False,False,False,
873,10.1002/lno.12171,29,True,False,False,False,
874,10.1002/lno.12171,30,True,False,False,False,
875,10.1002/lno.11520,-1,True,,,,
876,10.1002/lno.11520,0,True,False,False,False,
877,10.1002/lno.12311,-1,True,,,,
878,10.1002/lno.12311,0,True,False,False,False,
879,10.1002/lno.12311,1,True,False,False,False,
880,10.1002/lno.12311,2,True,False,False,False,
881,10.1002/lno.12311,3,True,False,False,False,
882,10.1002/lno.12311,4,True,False,False,False,
883,10.1002/lno.12311,5,True,False,True,False,
884,10.1002/lno.12311,6,True,False,False,False,
885,10.1002/lno.12311,7,True,False,False,False,
886,10.1002/lno.12311,8,True,False,False,False,
887,10.1002/lno.12311,9,True,False,False,False,
888,10.1002/lno.12311,10,True,False,True,False,
889,10.1002/lno.12311,11,True,False,False,False,
890,10.1002/lno.12311,12,True,False,True,False,
891,10.1002/lno.12311,13,True,False,False,False,
892,10.1002/lno.12311,14,True,False,False,False,
893,10.1002/lno.12311,15,True,False,True,False,
894,10.1002/lno.12311,16,True,False,False,False,
895,10.1002/lno.12311,17,True,False,False,False,
896,10.1002/lno.12311,18,True,False,False,False,
897,10.1002/lno.12311,19,True,False,False,False,
898,10.1002/lno.12311,20,True,False,False,False,
899,10.1002/lno.12311,21,True,False,False,False,
900,10.1002/lno.12311,22,True,False,False,False,
901,10.1002/lno.12311,23,True,False,True,False,
902,10.1002/lno.12311,24,True,False,True,False,
903,10.1002/lno.12371,-1,True,,,,
904,10.1002/lno.12371,0,True,False,False,False,
905,10.1002/lno.12371,1,True,False,False,False,
906,10.1002/lno.12371,2,True,False,False,False,
907,10.1002/lno.12371,3,True,False,False,False,
908,10.1002/lno.12371,4,True,False,False,False,
909,10.1002/lno.12371,5,True,True,False,False,"The coastal ecosystems being studied are **kelp forests**. 

The specific quantitative attributes or descriptive characteristics used to define them are:

*   **Depth**: Measurements are taken at **12 m depth**.
*   **Spatial extent**: Six **marine protected areas** spanning the **California coastline** are included.
*   **Variability of**: **pH**, **DO (dissolved oxygen)**, and **temperature** are characterized.
*   **Covariance** between pH, DO, and temperature is measured.
*   **Intensity, duration, and severity of exposure** to extreme pH and DO values are calculated.
*   **Upwelling regimes** are analyzed in relation to the marine protected area network."
910,10.1002/lno.12371,6,True,False,True,False,
911,10.1002/lno.12371,7,True,False,False,False,
912,10.1002/lno.12371,8,True,False,False,False,
913,10.1002/lno.12371,9,True,False,False,False,
914,10.1002/lno.12371,10,True,False,True,False,
915,10.1002/lno.12371,11,True,False,True,False,
916,10.1002/lno.12371,12,True,False,False,False,
917,10.1002/lno.12371,13,True,False,False,False,
918,10.1002/lno.12371,14,True,False,False,False,
919,10.1002/lno.12371,15,True,False,False,False,
920,10.1002/lno.12371,16,True,False,False,False,
921,10.1002/lno.12371,17,True,False,False,False,
922,10.1002/lno.12371,18,True,False,False,False,
923,10.1002/lno.12371,19,True,False,False,False,
924,10.1002/lno.12371,20,True,False,True,False,
925,10.1002/lno.12371,21,True,False,True,False,
926,10.1002/lno.12371,22,True,False,False,False,
927,10.1002/lno.12108,-1,True,,,,
928,10.1002/lno.12108,0,True,False,False,False,
929,10.1002/lno.11829,-1,False,,,,
930,10.1002/lno.12079,-1,False,,,,
931,10.1002/lno.12287,-1,True,,,,
932,10.1002/lno.12287,0,True,False,False,False,
933,10.1002/lno.12287,1,True,False,False,False,
934,10.1002/lno.12287,2,True,False,False,False,
935,10.1002/lno.12287,3,True,False,False,False,
936,10.1002/lno.12287,4,True,False,False,False,
937,10.1002/lno.12287,5,True,False,False,False,
938,10.1002/lno.12287,6,True,False,False,False,
939,10.1002/lno.12287,7,True,False,False,False,
940,10.1002/lno.12287,8,True,False,False,False,
941,10.1002/lno.12287,9,True,False,False,False,
942,10.1002/lno.12287,10,True,False,False,False,
943,10.1002/lno.12287,11,True,False,False,False,
944,10.1002/lno.12287,12,True,False,False,False,
945,10.1002/lno.12287,13,True,False,True,False,
946,10.1002/lno.12287,14,True,False,True,False,
947,10.1002/lno.12287,15,True,False,False,False,
948,10.1002/lno.12287,16,True,False,False,False,
949,10.1002/lno.12287,17,True,False,False,False,
950,10.1002/lno.12287,18,True,False,False,False,
951,10.1002/lno.12287,19,True,False,False,False,
952,10.1002/lno.12287,20,True,False,False,False,
953,10.1002/lno.12287,21,True,False,False,False,
954,10.1002/lno.12287,22,True,False,False,False,
955,10.1002/lno.12287,23,True,False,False,False,
956,10.1002/lno.12287,24,True,False,False,False,
957,10.1002/lno.12287,25,True,False,False,False,
958,10.1002/lno.12287,26,True,False,False,False,
959,10.1002/lno.12287,27,True,False,False,False,
960,10.1002/lno.12287,28,True,False,False,False,
961,10.1002/lno.12287,29,True,False,True,False,
962,10.1002/lno.12287,30,True,False,True,False,
963,10.1002/lno.12287,31,True,False,True,False,
964,10.1002/lno.12287,32,True,False,False,False,
965,10.1002/lno.12433,-1,True,,,,
966,10.1002/lno.12433,0,True,False,False,False,
967,10.1002/lno.12433,1,True,False,False,False,
968,10.1002/lno.12433,2,True,False,False,False,
969,10.1002/lno.12433,3,True,False,False,False,
970,10.1002/lno.12433,4,True,False,False,False,
971,10.1002/lno.12433,5,True,False,True,False,
972,10.1002/lno.12433,6,True,False,True,False,
973,10.1002/lno.12433,7,True,False,False,False,
974,10.1002/lno.12433,8,True,False,True,False,
975,10.1002/lno.12433,9,True,False,False,False,
976,10.1002/lno.12433,10,True,False,False,False,
977,10.1002/lno.12433,11,True,False,False,False,
978,10.1002/lno.12433,12,True,False,False,False,
979,10.1002/lno.12433,13,True,False,False,False,
980,10.1002/lno.12433,14,True,False,True,False,
981,10.1002/lno.12433,15,True,False,False,False,
982,10.1002/lno.12433,16,True,False,False,False,
983,10.1002/lno.12433,17,True,False,False,False,
984,10.1002/lno.12433,18,True,False,True,False,
985,10.1002/lno.12433,19,True,False,True,False,
986,10.1002/lno.12433,20,True,False,False,False,
987,10.1002/lno.12433,21,True,False,True,False,
988,10.1002/lno.12433,22,True,False,False,False,
989,10.1002/lno.12433,23,True,False,False,False,
990,10.1002/lno.12433,24,True,False,False,False,
991,10.1002/lno.12433,25,True,False,False,False,
992,10.1002/lno.12433,26,True,False,False,False,
993,10.1002/lno.12433,27,True,False,False,False,
994,10.1002/lno.12433,28,True,False,False,False,
995,10.1002/lno.12433,29,True,False,False,False,
996,10.1002/lno.12433,30,True,False,False,False,
997,10.1002/lno.12433,31,True,False,False,False,
998,10.1002/lno.12433,32,True,False,False,False,
999,10.1002/lno.12172,-1,False,,,,
1000,10.1002/lno.12015,-1,False,,,,
1001,10.1002/lno.11734,-1,True,,,,
1002,10.1002/lno.11734,0,True,False,False,False,
1003,10.1002/lno.11734,1,True,False,False,True,
1004,10.1002/lno.11734,2,True,False,False,False,
1005,10.1002/lno.11734,3,True,False,False,False,
1006,10.1002/lno.11734,4,True,False,False,False,
1007,10.1002/lno.11734,5,True,False,False,False,
1008,10.1002/lno.11734,6,True,False,False,False,
1009,10.1002/lno.11734,7,True,False,False,False,
1010,10.1002/lno.11734,8,True,False,False,False,
1011,10.1002/lno.11734,9,True,False,False,False,
1012,10.1002/lno.11734,10,True,False,False,False,
1013,10.1002/lno.11734,11,True,False,False,False,
1014,10.1002/lno.11734,12,True,False,False,False,
1015,10.1002/lno.11734,13,True,False,False,False,
1016,10.1002/lno.11734,14,True,False,False,False,
1017,10.1002/lno.11734,15,True,False,False,False,
1018,10.1002/lno.11734,16,True,False,True,False,
1019,10.1002/lno.11734,17,True,False,False,False,
1020,10.1002/lno.11734,18,True,False,True,False,
1021,10.1002/lno.11734,19,True,False,False,False,
1022,10.1002/lno.11734,20,True,False,False,False,
1023,10.1002/lno.11734,21,True,False,True,False,
1024,10.1002/lno.11734,22,True,False,False,False,
1025,10.1002/lno.11734,23,True,False,False,False,
1026,10.1002/lno.11734,24,True,False,False,False,
1027,10.1002/lno.11734,25,True,False,False,False,
1028,10.1002/lno.11734,26,True,False,False,False,
1029,10.1002/lno.11734,27,True,False,False,False,
1030,10.1002/lno.11734,28,True,False,False,False,
1031,10.1002/lno.11734,29,True,False,False,False,
1032,10.1002/lno.11734,30,True,False,False,False,
1033,10.1002/lno.11734,31,True,False,False,False,
1034,10.1002/lno.11734,32,True,False,False,False,
1035,10.1002/lno.11734,33,True,False,False,False,
1036,10.1002/lno.11734,34,True,False,False,False,
1037,10.1002/lno.11734,35,True,False,False,False,
1038,10.1002/lno.11734,36,True,False,False,False,
1039,10.1002/lno.11734,37,True,False,False,False,
1040,10.1002/lno.11734,38,True,False,False,False,
1041,10.1002/lno.11734,39,True,False,False,False,
1042,10.1002/lno.11734,40,True,False,False,False,
1043,10.1002/lno.11734,41,True,False,False,False,
1044,10.1002/lno.11734,42,True,False,False,False,
1045,10.1002/lno.11734,43,True,False,False,False,
1046,10.1002/lno.11734,44,True,False,False,False,
1047,10.1002/lno.11734,45,True,False,False,True,
1048,10.1002/lno.11734,46,True,False,False,False,
1049,10.1002/lno.11734,47,True,False,True,False,
1050,10.1002/lno.11734,48,True,False,False,False,
1051,10.1002/lno.11734,49,True,False,False,False,
1052,10.1002/lno.11734,50,True,False,False,False,
1053,10.1002/lno.11734,51,True,False,False,False,
1054,10.1002/lno.11734,52,True,False,False,False,
1055,10.1002/lno.11734,53,True,False,False,False,
1056,10.1002/lno.11734,54,True,False,False,False,
1057,10.1002/lno.11734,55,True,False,False,False,
1058,10.1002/lno.11734,56,True,False,False,False,
1059,10.1002/lno.11734,57,True,False,False,False,
1060,10.1002/lno.11734,58,True,False,False,True,
1061,10.1002/lno.11734,59,True,False,False,True,
1062,10.1002/lno.11734,60,True,False,False,False,
1063,10.1002/lno.11734,61,True,False,False,False,
1064,10.1002/lno.11734,62,True,False,True,False,
1065,10.1002/lno.11734,63,True,False,True,True,
1066,10.1002/lno.11734,64,True,False,False,False,
1067,10.1002/lno.12273,-1,False,,,,
1068,10.1002/lno.12190,-1,False,,,,
1069,10.1002/lno.12557,-1,False,,,,
1070,10.1002/lno.11730,-1,True,,,,
1071,10.1002/lno.11730,0,True,False,False,False,
1072,10.1002/lno.11730,1,True,False,False,False,
1073,10.1002/lno.11730,2,True,False,False,False,
1074,10.1002/lno.11730,3,True,False,False,False,
1075,10.1002/lno.11730,4,True,False,False,False,
1076,10.1002/lno.11730,5,True,False,False,False,
1077,10.1002/lno.11730,6,True,False,True,False,
1078,10.1002/lno.11730,7,True,False,True,True,
1079,10.1002/lno.11730,8,True,False,True,False,
1080,10.1002/lno.11730,9,True,False,True,True,
1081,10.1002/lno.11730,10,True,False,False,True,
1082,10.1002/lno.11730,11,True,False,False,False,
1083,10.1002/lno.11730,12,True,False,False,False,
1084,10.1002/lno.11730,13,True,False,True,False,
1085,10.1002/lno.11730,14,True,False,False,False,
1086,10.1002/lno.11730,15,True,False,False,False,
1087,10.1002/lno.11730,16,True,False,True,True,
1088,10.1002/lno.11730,17,True,False,True,False,
1089,10.1002/lno.11730,18,True,False,True,False,
1090,10.1002/lno.11730,19,True,False,True,False,
1091,10.1002/lno.11730,20,True,False,True,False,
1092,10.1002/lno.11730,21,True,False,False,False,
1093,10.1002/lno.11730,22,True,False,True,False,
1094,10.1002/lno.11730,23,True,False,True,False,
1095,10.1002/lno.11730,24,True,False,False,False,
1096,10.1002/lno.11730,25,True,False,False,False,
1097,10.1002/lno.11730,26,True,False,False,False,
1098,10.1002/lno.11730,27,True,False,True,False,
1099,10.1002/lno.11730,28,True,False,False,False,
1100,10.1002/lno.11730,29,True,False,False,False,
1101,10.1002/lno.11730,30,True,False,False,False,
1102,10.1002/lno.11730,31,True,False,True,False,
1103,10.1002/lno.12161,-1,True,,,,
1104,10.1002/lno.12161,0,True,False,False,False,
1105,10.1002/lno.12161,1,True,False,False,False,
1106,10.1002/lno.12161,2,True,False,False,False,
1107,10.1002/lno.12161,3,True,False,False,False,
1108,10.1002/lno.12161,4,True,False,True,False,
1109,10.1002/lno.12161,5,True,False,False,False,
1110,10.1002/lno.12161,6,True,False,False,False,
1111,10.1002/lno.12161,7,True,False,False,False,
1112,10.1002/lno.12161,8,True,False,False,False,
1113,10.1002/lno.12161,9,True,False,False,False,
1114,10.1002/lno.12161,10,True,False,False,False,
1115,10.1002/lno.12161,11,True,False,False,False,
1116,10.1002/lno.12161,12,True,False,False,False,
1117,10.1002/lno.12161,13,True,False,True,False,
1118,10.1002/lno.12161,14,True,False,True,False,
1119,10.1002/lno.12161,15,True,False,True,False,
1120,10.1002/lno.12161,16,True,False,False,False,
1121,10.1002/lno.12161,17,True,False,False,False,
1122,10.1002/lno.12161,18,True,False,False,False,
1123,10.1002/lno.12161,19,True,False,False,False,
1124,10.1002/lno.12161,20,True,False,False,False,
1125,10.1002/lno.12161,21,True,False,False,False,
1126,10.1002/lno.12161,22,True,False,False,False,
1127,10.1002/lno.12161,23,True,False,False,False,
1128,10.1002/lno.12161,24,True,False,False,False,
1129,10.1002/lno.12161,25,True,False,False,False,
1130,10.1002/lno.12161,26,True,False,False,False,
1131,10.1002/lno.12161,27,True,False,False,False,
1132,10.1002/lno.12161,28,True,False,False,False,
1133,10.1002/lno.12161,29,True,False,True,False,
1134,10.1002/lno.12161,30,True,False,True,False,
1135,10.1002/lno.12161,31,True,False,True,False,
1136,10.1002/lno.12161,32,True,False,True,False,
1137,10.1002/lno.12161,33,True,False,True,False,
1138,10.1002/lno.12161,34,True,False,True,False,
1139,10.1002/lno.12161,35,True,False,True,False,
1140,10.1002/lno.12161,36,True,False,True,False,
1141,10.1002/lno.12161,37,True,False,True,False,
1142,10.1002/lno.12161,38,True,False,False,False,
1143,10.1002/lno.12161,39,True,False,False,False,
1144,10.1002/lno.12161,40,True,False,False,False,
1145,10.1002/lno.12161,41,True,False,False,False,
1146,10.1002/lno.12161,42,True,False,True,False,
1147,10.1002/lno.12161,43,True,False,True,False,
1148,10.1002/lno.12161,44,True,False,True,False,
1149,10.1002/lno.12279,-1,True,,,,
1150,10.1002/lno.12279,0,True,False,False,False,
1151,10.1002/lno.12241,-1,True,,,,
1152,10.1002/lno.12241,0,True,True,False,True,"The coastal ecosystems being studied are **mangroves, salt marshes, and seagrass beds**. 

They are defined by their ability to **fix CO 2 as organic matter and store it underground in anoxic, accumulating sediments**. Specifically, they are identified as **“blue carbon ecosystems,” that is, hotspots of marine organic carbon burial**. The context also mentions that studies have gathered data on their **carbon sequestration rates (net amount of organic carbon accumulated each year)** and **carbon stocks (integration of long-term carbon storage in sediment over time)**."
1153,10.1002/lno.12241,1,True,True,False,True,"Based on the excerpt, the coastal ecosystem being studied is **mangroves**. 

Specific quantitative attributes or descriptive characteristics used to define them include:

*   **More than 35% of mangrove area has already been lost.**
*   **Estimated restoration potential of >8000 km<sup>2</sup>.**
*   **More than 100 km<sup>2</sup> is still lost annually.**
*   **Store more carbon below ground per unit area than most other forests.**
*   **Largest carbon stocks among blue carbon ecosystems.**
*   **Rates of net primary productivity of 13.6 ± 4.5 MgC org ha<sup>-1</sup> yr<sup>-1</sup>.**
*   **High burial efficiency of autochthonous and allochthonous production, leading to accumulation of organic-carbon-rich deposits often meters deep and millennia old.**
*   They are recognized as **ecosystem service hotspots**.
*   They provide services like **fisheries nursery habitat, timber, run-off purification, and protection from erosion and storm events**."
1154,10.1002/lno.12241,2,True,False,False,False,
1155,10.1002/lno.12241,3,True,False,False,False,
1156,10.1002/lno.12241,4,True,False,False,True,
1157,10.1002/lno.12241,5,True,False,False,False,
1158,10.1002/lno.12241,6,True,False,False,False,
1159,10.1002/lno.12241,7,True,False,False,False,
1160,10.1002/lno.12241,8,True,False,False,True,
1161,10.1002/lno.12241,9,True,False,False,False,
1162,10.1002/lno.12241,10,True,False,False,True,
1163,10.1002/lno.12241,11,True,False,False,False,
1164,10.1002/lno.12241,12,True,False,True,False,
1165,10.1002/lno.12241,13,True,False,False,False,
1166,10.1002/lno.12241,14,True,False,False,True,
1167,10.1002/lno.12241,15,True,False,True,False,
1168,10.1002/lno.12241,16,True,False,False,False,
1169,10.1002/lno.12241,17,True,True,False,False,"The coastal ecosystems being studied are **mangrove environments** specifically in the **Galapagos** and the **Baja Peninsula**. 

Here's how they are defined by the context:

**Galapagos mangroves:**
*   Characterized by harsh environments: arid conditions, no freshwater/sediment flow from inland, rocky shores, remoteness.
*   Grow in well-protected rocky coves with narrow mouths, shielding them from waves and marine sediment.
*   Lack rivers, potentially relying on subterranean freshwater flows.
*   Sediment is largely organic due to the absence of inorganic sediment sources.
*   Carbon densities are significantly greater than other areas studied, but vary due to wave exposure (protected coves vs. sandy bays).

**Baja Peninsula mangroves:**
*   Show a large range of carbon densities.
*   Sites range from sandy lagoons with large influxes of marine inorganic sediment to more protected, high-intertidal locations with deep carbon-rich peat layers, sometimes overlain by clay sediment."
1170,10.1002/lno.12241,18,True,False,True,True,
1171,10.1002/lno.12241,19,True,False,True,True,
1172,10.1002/lno.12241,20,True,False,False,False,
1173,10.1002/lno.12241,21,True,False,False,False,
1174,10.1002/lno.12241,22,True,False,False,False,
1175,10.1002/lno.12241,23,True,False,False,False,
1176,10.1002/lno.12241,24,True,False,False,False,
1177,10.1002/lno.12241,25,True,False,True,True,
1178,10.1002/lno.12241,26,True,False,False,False,
1179,10.1002/lno.12241,27,True,False,True,True,
1180,10.1002/lno.12241,28,True,False,False,False,
1181,10.1002/lno.12241,29,True,False,False,True,
1182,10.1002/lno.12241,30,True,False,False,False,
1183,10.1002/lno.12241,31,True,False,False,False,
1184,10.1002/lno.12241,32,True,False,False,True,
1185,10.1002/lno.12241,33,True,False,False,False,
1186,10.1002/lno.11707,-1,False,,,,
1187,10.1002/lno.12471,-1,True,,,,
1188,10.1002/lno.12471,0,True,False,False,False,
1189,10.1002/lno.12471,1,True,True,False,False,"The context focuses on **estuaries** and **deltas** as coastal ecosystems. 

Here's how they are defined or characterized within the excerpt:

*   **Estuaries:** Defined as ""transitional areas between the riverine domain and marine waters,"" receiving significant inputs of organic and inorganic carbon from sources like rivers, groundwater, mangrove tidal creeks, and the ocean.
*   **Deltas:** Defined as ""coastal estuarine environment created by the deposition of riverine sediments to the coastline more rapidly than its removal and/or redistribution by tides or waves."" They are described as mostly sources of CO2 to the atmosphere.

The context also mentions a connection between deltaic systems and **wetlands** (specifically **mangrove forests**) as contributing to CO2 emissions, but does not provide a defining characteristic for wetlands themselves. It quantifies estuaries as comprising “7% of the total area of the global ocean.”"
1190,10.1002/lno.12471,2,True,True,False,False,"The coastal ecosystems being studied are **estuaries** and **mangroves**. 

Here are the specific quantitative attributes or descriptive characteristics used to define them in the context:

**Estuaries:**
*   Significant sources of CO2 into the atmosphere, with a flux of **0.1 Pg C yr-1**.
*   Tropical latitude estuaries usually present the **largest fluxes per unit area**.
*   Fluxes have **great spatial and seasonal variability**.
*   Contain the **largest rivers in the world regarding water discharge** (specifically, most of the largest rivers are in the tropics).

**Mangroves:**
*   One of the **most productive ecosystems** in the world.
*   **Store and sequester large amounts of carbon** in their biomass and soils.
*   Mangrove tidal creeks and adjacent waters act as a **strong source of CO2** to the atmosphere.
*   CO2 flux is attributed to exchanges with **porewater enriched in pCO2, dissolved inorganic carbon (DIC), and total alkalinity (TA)**.
*   Estimated emissions on the order of **34.1 ± 5.4 Tg C per year**.
*   Surface waters of mangrove creeks are normally **enriched in TA and DIC**.
*   Ratios between DIC and TA can provide important insights into the CO2 dynamics of these coastal systems."
1191,10.1002/lno.12471,3,True,False,False,False,
1192,10.1002/lno.12471,4,True,False,False,False,
1193,10.1002/lno.12471,5,True,False,False,False,
1194,10.1002/lno.12471,6,True,False,False,False,
1195,10.1002/lno.12471,7,True,False,False,False,
1196,10.1002/lno.12471,8,True,False,False,False,
1197,10.1002/lno.12471,9,True,False,False,False,
1198,10.1002/lno.12471,10,True,False,True,False,
1199,10.1002/lno.12471,11,True,False,False,False,
1200,10.1002/lno.12471,12,True,False,True,False,
1201,10.1002/lno.12471,13,True,False,True,False,
1202,10.1002/lno.12471,14,True,False,False,False,
1203,10.1002/lno.12471,15,True,False,True,False,
1204,10.1002/lno.12471,16,True,True,True,False,"Based on the provided excerpt, the following coastal ecosystems are being studied, along with the quantitative attributes used to define them:

*   **River-dominated:** Defined by average wind speed (4.06, 6.53, 5.46), standard deviation (2.23, 3.28, 2.71), minimum (0.32, 1.04, 0.48), and maximum (10.33, 13.10, 12.28) wind speed values, as well as several other numerical values.
*   **Marine-dominated:** Defined by average wind speed (5.96, 4.36), standard deviation (2.11, 2.39), minimum (0.44, 0.01), and maximum (14.98, 16.54) wind speed values, as well as several other numerical values.
*   **Dry Mangrove-dominated:** Defined by average wind speed (3.03), standard deviation (1.43), minimum (0.33), and maximum (8.36) wind speed values, as well as several other numerical values.

The excerpt primarily uses **wind speed** (average, standard deviation, minimum, and maximum values) and several other numerical values to characterize these ecosystems. It is implied that these values are associated with specific locations or channels within each ecosystem type. Additional numerical values are reported but are not described in detail."
1205,10.1002/lno.12471,17,True,False,False,False,
1206,10.1002/lno.12471,18,True,False,False,False,
1207,10.1002/lno.12471,19,True,False,True,False,
1208,10.1002/lno.12471,20,True,False,False,False,
1209,10.1002/lno.12471,21,True,False,False,False,
1210,10.1002/lno.12471,22,True,False,False,False,
1211,10.1002/lno.12471,23,True,False,False,False,
1212,10.1002/lno.12471,24,True,True,False,False,"The coastal ecosystems being studied are **estuaries** and **mangrove-dominated regions** within the **PRD** (presumably a specific geographic location, but not explicitly defined in this excerpt). 

The specific quantitative attributes/descriptive characteristics used to define them are:

*   **pCO2** levels (specifically, largely oversaturated levels)
*   **DO%** (dissolved oxygen percentage) and its correlation with pCO2.
*   **Chl a** values (chlorophyll a, indicating primary productivity) – specifically, higher values along the main channel of the PRD, lower values in marine/mangrove regions (particularly during the dry season), and the lack of correlation between Chl a and pCO2.
*   **Influence of oligotrophic seawater** (low Chl a values) in marine/mangrove regions.
*   **Mangrove influence** as a factor distinguishing these estuaries from others.
*   **Aerobic and anaerobic bacterial metabolism** in water and sediments (specifically, sulfate reduction and denitrification in mangrove tidal creeks).
*   **Nutrient availability** supporting Chl a values."
1213,10.1002/lno.12471,25,True,False,False,False,
1214,10.1002/lno.12471,26,True,False,False,False,
1215,10.1002/lno.12471,27,True,False,False,False,
1216,10.1002/lno.12471,28,True,False,False,False,
1217,10.1002/lno.12471,29,True,False,False,False,
1218,10.1002/lno.12471,30,True,False,False,False,
1219,10.1002/lno.12471,31,True,False,False,False,
1220,10.1002/lno.12104,-1,True,,,,
1221,10.1002/lno.12104,0,True,False,False,False,
